{
"meta":{"test_sets":[],"test_metrics":[],"learn_metrics":[{"best_value":"Min","name":"Logloss"}],"launch_mode":"Train","parameters":"","iteration_count":500,"learn_sets":["learn"],"name":"experiment"},
"iterations":[
{"learn":[0.4910535845],"iteration":0,"passed_time":0.005872673774,"remaining_time":2.930464213},
{"learn":[0.3651703946],"iteration":1,"passed_time":0.01100162998,"remaining_time":2.739405866},
{"learn":[0.2972413986],"iteration":2,"passed_time":0.01583426394,"remaining_time":2.623209726},
{"learn":[0.2324698429],"iteration":3,"passed_time":0.02176832067,"remaining_time":2.699271763},
{"learn":[0.2011709722],"iteration":4,"passed_time":0.0259608882,"remaining_time":2.570127932},
{"learn":[0.1739156922],"iteration":5,"passed_time":0.0309300852,"remaining_time":2.546577015},
{"learn":[0.1448745968],"iteration":6,"passed_time":0.03599749343,"remaining_time":2.535252037},
{"learn":[0.1258529427],"iteration":7,"passed_time":0.04096471197,"remaining_time":2.519329786},
{"learn":[0.1141635251],"iteration":8,"passed_time":0.0444639677,"remaining_time":2.42575646},
{"learn":[0.102838569],"iteration":9,"passed_time":0.0493738323,"remaining_time":2.419317783},
{"learn":[0.09416102072],"iteration":10,"passed_time":0.05444282649,"remaining_time":2.420231105},
{"learn":[0.08688652445],"iteration":11,"passed_time":0.05954196839,"remaining_time":2.421373381},
{"learn":[0.08120613069],"iteration":12,"passed_time":0.06444765456,"remaining_time":2.41430829},
{"learn":[0.07803958076],"iteration":13,"passed_time":0.06946439203,"remaining_time":2.411406752},
{"learn":[0.07235463643],"iteration":14,"passed_time":0.07459764969,"remaining_time":2.411990673},
{"learn":[0.06856950707],"iteration":15,"passed_time":0.07975281158,"remaining_time":2.41252255},
{"learn":[0.06531859161],"iteration":16,"passed_time":0.08499150593,"remaining_time":2.414758669},
{"learn":[0.06345533968],"iteration":17,"passed_time":0.09006749774,"remaining_time":2.41180744},
{"learn":[0.06076532729],"iteration":18,"passed_time":0.09520062606,"remaining_time":2.410079007},
{"learn":[0.05918023375],"iteration":19,"passed_time":0.1003124846,"remaining_time":2.407499631},
{"learn":[0.05794618269],"iteration":20,"passed_time":0.1056544183,"remaining_time":2.40992697},
{"learn":[0.0563116559],"iteration":21,"passed_time":0.1108624461,"remaining_time":2.408738601},
{"learn":[0.05470618117],"iteration":22,"passed_time":0.11602629,"remaining_time":2.406284363},
{"learn":[0.05247178491],"iteration":23,"passed_time":0.121344063,"remaining_time":2.40665725},
{"learn":[0.05131728876],"iteration":24,"passed_time":0.1267127785,"remaining_time":2.407542792},
{"learn":[0.04947562959],"iteration":25,"passed_time":0.1320586475,"remaining_time":2.407530728},
{"learn":[0.04833209328],"iteration":26,"passed_time":0.1372469172,"remaining_time":2.40436266},
{"learn":[0.04650693634],"iteration":27,"passed_time":0.1422988576,"remaining_time":2.398752171},
{"learn":[0.04565881897],"iteration":28,"passed_time":0.1476499837,"remaining_time":2.39803939},
{"learn":[0.0448808759],"iteration":29,"passed_time":0.152717729,"remaining_time":2.392577754},
{"learn":[0.0435186853],"iteration":30,"passed_time":0.1579673604,"remaining_time":2.389893291},
{"learn":[0.04297078562],"iteration":31,"passed_time":0.1630833554,"remaining_time":2.385094073},
{"learn":[0.04197761275],"iteration":32,"passed_time":0.1682125049,"remaining_time":2.380461811},
{"learn":[0.04112860331],"iteration":33,"passed_time":0.1733373432,"remaining_time":2.375741234},
{"learn":[0.04047562678],"iteration":34,"passed_time":0.1785196894,"remaining_time":2.371761588},
{"learn":[0.03925723547],"iteration":35,"passed_time":0.1835461954,"remaining_time":2.365706518},
{"learn":[0.03807274064],"iteration":36,"passed_time":0.1886370031,"remaining_time":2.360511688},
{"learn":[0.03717535252],"iteration":37,"passed_time":0.1940511665,"remaining_time":2.359253656},
{"learn":[0.03670756879],"iteration":38,"passed_time":0.1991444678,"remaining_time":2.353989735},
{"learn":[0.03612115739],"iteration":39,"passed_time":0.2043172837,"remaining_time":2.349648763},
{"learn":[0.03524084325],"iteration":40,"passed_time":0.2094491004,"remaining_time":2.344808222},
{"learn":[0.03446845022],"iteration":41,"passed_time":0.2144797487,"remaining_time":2.338850593},
{"learn":[0.03408565376],"iteration":42,"passed_time":0.2195632674,"remaining_time":2.333497982},
{"learn":[0.03311564699],"iteration":43,"passed_time":0.2248016269,"remaining_time":2.329762315},
{"learn":[0.03263469102],"iteration":44,"passed_time":0.2300122119,"remaining_time":2.325679031},
{"learn":[0.03218235829],"iteration":45,"passed_time":0.2350045969,"remaining_time":2.319393195},
{"learn":[0.0318818395],"iteration":46,"passed_time":0.2401608522,"remaining_time":2.314741831},
{"learn":[0.03118982583],"iteration":47,"passed_time":0.2453597898,"remaining_time":2.310471354},
{"learn":[0.03038440476],"iteration":48,"passed_time":0.2505818582,"remaining_time":2.306375878},
{"learn":[0.03025222164],"iteration":49,"passed_time":0.2554971828,"remaining_time":2.299474645},
{"learn":[0.02986522297],"iteration":50,"passed_time":0.2606424717,"remaining_time":2.294675878},
{"learn":[0.02957844464],"iteration":51,"passed_time":0.2656122392,"remaining_time":2.2883516},
{"learn":[0.02943579846],"iteration":52,"passed_time":0.270401597,"remaining_time":2.280556865},
{"learn":[0.02863325448],"iteration":53,"passed_time":0.2756586026,"remaining_time":2.276735866},
{"learn":[0.02831320246],"iteration":54,"passed_time":0.2807426881,"remaining_time":2.271463567},
{"learn":[0.02787652925],"iteration":55,"passed_time":0.2860258629,"remaining_time":2.267776484},
{"learn":[0.02787184301],"iteration":56,"passed_time":0.2891255414,"remaining_time":2.247063418},
{"learn":[0.02739249134],"iteration":57,"passed_time":0.2941200859,"remaining_time":2.241397896},
{"learn":[0.02694437751],"iteration":58,"passed_time":0.2994497452,"remaining_time":2.23825996},
{"learn":[0.02635261495],"iteration":59,"passed_time":0.3045948981,"remaining_time":2.233695919},
{"learn":[0.02602344929],"iteration":60,"passed_time":0.3097343866,"remaining_time":2.229072061},
{"learn":[0.02576619163],"iteration":61,"passed_time":0.3147824091,"remaining_time":2.223785406},
{"learn":[0.0251814751],"iteration":62,"passed_time":0.3198275578,"remaining_time":2.218486393},
{"learn":[0.02496354426],"iteration":63,"passed_time":0.3249169858,"remaining_time":2.213496966},
{"learn":[0.02461165138],"iteration":64,"passed_time":0.3299898013,"remaining_time":2.208393285},
{"learn":[0.02411614478],"iteration":65,"passed_time":0.3351215733,"remaining_time":2.203678225},
{"learn":[0.02379664153],"iteration":66,"passed_time":0.3401400491,"remaining_time":2.198218527},
{"learn":[0.0234383212],"iteration":67,"passed_time":0.3455396386,"remaining_time":2.195192998},
{"learn":[0.02325061975],"iteration":68,"passed_time":0.3507411322,"remaining_time":2.190861275},
{"learn":[0.02289437432],"iteration":69,"passed_time":0.3557269236,"remaining_time":2.185179674},
{"learn":[0.02264494107],"iteration":70,"passed_time":0.3606856359,"remaining_time":2.179354054},
{"learn":[0.02220228858],"iteration":71,"passed_time":0.3657095349,"remaining_time":2.173940013},
{"learn":[0.0220551375],"iteration":72,"passed_time":0.3704971354,"remaining_time":2.167154477},
{"learn":[0.02182711347],"iteration":73,"passed_time":0.3756729035,"remaining_time":2.162657526},
{"learn":[0.02162787284],"iteration":74,"passed_time":0.3808861958,"remaining_time":2.15835511},
{"learn":[0.02145634143],"iteration":75,"passed_time":0.3859480686,"remaining_time":2.153183962},
{"learn":[0.02130366223],"iteration":76,"passed_time":0.3908497507,"remaining_time":2.147135643},
{"learn":[0.02097123411],"iteration":77,"passed_time":0.3958189354,"remaining_time":2.141481933},
{"learn":[0.02082982545],"iteration":78,"passed_time":0.4005961783,"remaining_time":2.134822671},
{"learn":[0.02078061917],"iteration":79,"passed_time":0.4055048531,"remaining_time":2.128900479},
{"learn":[0.02060955382],"iteration":80,"passed_time":0.4106367478,"remaining_time":2.124157992},
{"learn":[0.02027395665],"iteration":81,"passed_time":0.4159095542,"remaining_time":2.120124313},
{"learn":[0.02000965362],"iteration":82,"passed_time":0.4211531659,"remaining_time":2.115914099},
{"learn":[0.01984165897],"iteration":83,"passed_time":0.4264573875,"remaining_time":2.111979443},
{"learn":[0.01970616327],"iteration":84,"passed_time":0.431279275,"remaining_time":2.105657637},
{"learn":[0.01946290232],"iteration":85,"passed_time":0.4361714454,"remaining_time":2.099709051},
{"learn":[0.0192288258],"iteration":86,"passed_time":0.4412637503,"remaining_time":2.094734815},
{"learn":[0.01909495897],"iteration":87,"passed_time":0.4464101513,"remaining_time":2.090011163},
{"learn":[0.01895990212],"iteration":88,"passed_time":0.4515979571,"remaining_time":2.085469218},
{"learn":[0.01857356768],"iteration":89,"passed_time":0.4568754961,"remaining_time":2.081321704},
{"learn":[0.01833278757],"iteration":90,"passed_time":0.4619603357,"remaining_time":2.076283267},
{"learn":[0.01822562517],"iteration":91,"passed_time":0.466915491,"remaining_time":2.070668699},
{"learn":[0.01806715338],"iteration":92,"passed_time":0.4722034207,"remaining_time":2.066524648},
{"learn":[0.01791459893],"iteration":93,"passed_time":0.4772816534,"remaining_time":2.061450546},
{"learn":[0.01769866708],"iteration":94,"passed_time":0.482243987,"remaining_time":2.05588226},
{"learn":[0.01758878271],"iteration":95,"passed_time":0.4874643605,"remaining_time":2.051412517},
{"learn":[0.01743897226],"iteration":96,"passed_time":0.4928221924,"remaining_time":2.047498387},
{"learn":[0.01731541653],"iteration":97,"passed_time":0.4978657072,"remaining_time":2.042265452},
{"learn":[0.01715195312],"iteration":98,"passed_time":0.5031355163,"remaining_time":2.03795295},
{"learn":[0.01691664912],"iteration":99,"passed_time":0.508291897,"remaining_time":2.033167588},
{"learn":[0.016778948],"iteration":100,"passed_time":0.5134250699,"remaining_time":2.028283197},
{"learn":[0.01648250779],"iteration":101,"passed_time":0.518852212,"remaining_time":2.024540984},
{"learn":[0.01636046383],"iteration":102,"passed_time":0.5237271197,"remaining_time":2.018637539},
{"learn":[0.0162640778],"iteration":103,"passed_time":0.5288672099,"remaining_time":2.013763607},
{"learn":[0.01600804805],"iteration":104,"passed_time":0.5340810523,"remaining_time":2.009162054},
{"learn":[0.01577167444],"iteration":105,"passed_time":0.5390565021,"remaining_time":2.003662847},
{"learn":[0.01565634097],"iteration":106,"passed_time":0.5439341491,"remaining_time":1.997814211},
{"learn":[0.01561596607],"iteration":107,"passed_time":0.548753969,"remaining_time":1.991773665},
{"learn":[0.0154069381],"iteration":108,"passed_time":0.5540660579,"remaining_time":1.987521364},
{"learn":[0.01522476345],"iteration":109,"passed_time":0.5592634065,"remaining_time":1.982842987},
{"learn":[0.01500320464],"iteration":110,"passed_time":0.5647309276,"remaining_time":1.979102079},
{"learn":[0.01474386253],"iteration":111,"passed_time":0.569862367,"remaining_time":1.974166057},
{"learn":[0.01464876557],"iteration":112,"passed_time":0.5750949754,"remaining_time":1.969573057},
{"learn":[0.01452354373],"iteration":113,"passed_time":0.5804816096,"remaining_time":1.965490362},
{"learn":[0.01435490462],"iteration":114,"passed_time":0.5854531043,"remaining_time":1.959995175},
{"learn":[0.01431327318],"iteration":115,"passed_time":0.5903937436,"remaining_time":1.954406875},
{"learn":[0.0142028308],"iteration":116,"passed_time":0.5954495956,"remaining_time":1.949206796},
{"learn":[0.01411076498],"iteration":117,"passed_time":0.6003732614,"remaining_time":1.943581236},
{"learn":[0.01399040285],"iteration":118,"passed_time":0.6053528138,"remaining_time":1.938146404},
{"learn":[0.01389864449],"iteration":119,"passed_time":0.6107386094,"remaining_time":1.934005597},
{"learn":[0.01383555783],"iteration":120,"passed_time":0.6157010444,"remaining_time":1.928518147},
{"learn":[0.01372284264],"iteration":121,"passed_time":0.6205940121,"remaining_time":1.92282407},
{"learn":[0.01353664358],"iteration":122,"passed_time":0.625519029,"remaining_time":1.917241251},
{"learn":[0.0134767321],"iteration":123,"passed_time":0.6304012859,"remaining_time":1.911539383},
{"learn":[0.01334120472],"iteration":124,"passed_time":0.6354984996,"remaining_time":1.906495499},
{"learn":[0.01323029907],"iteration":125,"passed_time":0.6404730038,"remaining_time":1.901086535},
{"learn":[0.01317779354],"iteration":126,"passed_time":0.6454829001,"remaining_time":1.89578836},
{"learn":[0.0131325793],"iteration":127,"passed_time":0.6504744198,"remaining_time":1.890441283},
{"learn":[0.01292924938],"iteration":128,"passed_time":0.6556843224,"remaining_time":1.88572778},
{"learn":[0.01288479236],"iteration":129,"passed_time":0.6605711554,"remaining_time":1.880087135},
{"learn":[0.01277098967],"iteration":130,"passed_time":0.6656066096,"remaining_time":1.874876633},
{"learn":[0.01267549633],"iteration":131,"passed_time":0.6706958763,"remaining_time":1.869818807},
{"learn":[0.01258499697],"iteration":132,"passed_time":0.6757920946,"remaining_time":1.86477969},
{"learn":[0.01248030764],"iteration":133,"passed_time":0.6809130355,"remaining_time":1.859807246},
{"learn":[0.01244360627],"iteration":134,"passed_time":0.6860583817,"remaining_time":1.854898588},
{"learn":[0.01237857288],"iteration":135,"passed_time":0.6912944981,"remaining_time":1.850229392},
{"learn":[0.01227750639],"iteration":136,"passed_time":0.6964642926,"remaining_time":1.845376191},
{"learn":[0.01224456747],"iteration":137,"passed_time":0.7014618109,"remaining_time":1.840066489},
{"learn":[0.01207046669],"iteration":138,"passed_time":0.7066866791,"remaining_time":1.835351735},
{"learn":[0.01200266029],"iteration":139,"passed_time":0.7118214414,"remaining_time":1.830397992},
{"learn":[0.01195932191],"iteration":140,"passed_time":0.7167744829,"remaining_time":1.824979003},
{"learn":[0.01188571402],"iteration":141,"passed_time":0.7217856835,"remaining_time":1.819713202},
{"learn":[0.01173537152],"iteration":142,"passed_time":0.7267083123,"remaining_time":1.814229843},
{"learn":[0.01164625896],"iteration":143,"passed_time":0.7316119197,"remaining_time":1.808707246},
{"learn":[0.0115540414],"iteration":144,"passed_time":0.7368798623,"remaining_time":1.80408518},
{"learn":[0.01149986132],"iteration":145,"passed_time":0.741846268,"remaining_time":1.798723143},
{"learn":[0.01138521547],"iteration":146,"passed_time":0.7470614989,"remaining_time":1.793964008},
{"learn":[0.011325036],"iteration":147,"passed_time":0.7522767588,"remaining_time":1.789198778},
{"learn":[0.01127678048],"iteration":148,"passed_time":0.7572688498,"remaining_time":1.783901787},
{"learn":[0.01118753239],"iteration":149,"passed_time":0.7626927274,"remaining_time":1.779616364},
{"learn":[0.01112733545],"iteration":150,"passed_time":0.7678985493,"remaining_time":1.774811879},
{"learn":[0.01107202723],"iteration":151,"passed_time":0.7727082971,"remaining_time":1.769095312},
{"learn":[0.0109964195],"iteration":152,"passed_time":0.7776432515,"remaining_time":1.763674564},
{"learn":[0.0109529904],"iteration":153,"passed_time":0.7826862181,"remaining_time":1.758502802},
{"learn":[0.01095285448],"iteration":154,"passed_time":0.7864877281,"remaining_time":1.750569459},
{"learn":[0.01093007903],"iteration":155,"passed_time":0.791423087,"remaining_time":1.745189371},
{"learn":[0.01085319106],"iteration":156,"passed_time":0.7964415862,"remaining_time":1.739996586},
{"learn":[0.0108175845],"iteration":157,"passed_time":0.8013559912,"remaining_time":1.73458069},
{"learn":[0.01077787248],"iteration":158,"passed_time":0.8064621992,"remaining_time":1.729582452},
{"learn":[0.01070796756],"iteration":159,"passed_time":0.8115587701,"remaining_time":1.724562387},
{"learn":[0.01066040069],"iteration":160,"passed_time":0.8164389011,"remaining_time":1.719085636},
{"learn":[0.01056188813],"iteration":161,"passed_time":0.8214764467,"remaining_time":1.713944685},
{"learn":[0.0104908921],"iteration":162,"passed_time":0.8265373405,"remaining_time":1.708853274},
{"learn":[0.01046290251],"iteration":163,"passed_time":0.8316779095,"remaining_time":1.703925473},
{"learn":[0.01039073886],"iteration":164,"passed_time":0.8369079106,"remaining_time":1.699176667},
{"learn":[0.01036540551],"iteration":165,"passed_time":0.8421301243,"remaining_time":1.694406395},
{"learn":[0.01030965811],"iteration":166,"passed_time":0.846986716,"remaining_time":1.688901655},
{"learn":[0.01026039481],"iteration":167,"passed_time":0.8517719645,"remaining_time":1.683263644},
{"learn":[0.01023339257],"iteration":168,"passed_time":0.8566522634,"remaining_time":1.677821889},
{"learn":[0.01019643992],"iteration":169,"passed_time":0.8618132566,"remaining_time":1.672931616},
{"learn":[0.01017704755],"iteration":170,"passed_time":0.866830536,"remaining_time":1.667761674},
{"learn":[0.01009665421],"iteration":171,"passed_time":0.8718305095,"remaining_time":1.662560507},
{"learn":[0.01003191896],"iteration":172,"passed_time":0.8768284842,"remaining_time":1.657357886},
{"learn":[0.01001227476],"iteration":173,"passed_time":0.8817749571,"remaining_time":1.652061126},
{"learn":[0.009975380339],"iteration":174,"passed_time":0.8867293359,"remaining_time":1.646783052},
{"learn":[0.009945068685],"iteration":175,"passed_time":0.8916859486,"remaining_time":1.641512769},
{"learn":[0.009945068685],"iteration":176,"passed_time":0.8955785232,"remaining_time":1.634304311},
{"learn":[0.00992695353],"iteration":177,"passed_time":0.9005872903,"remaining_time":1.629152289},
{"learn":[0.009905933821],"iteration":178,"passed_time":0.9060357386,"remaining_time":1.624790347},
{"learn":[0.009870819114],"iteration":179,"passed_time":0.9111539666,"remaining_time":1.619829274},
{"learn":[0.009834357937],"iteration":180,"passed_time":0.9159841861,"remaining_time":1.614358869},
{"learn":[0.009834328213],"iteration":181,"passed_time":0.9199027058,"remaining_time":1.60730253},
{"learn":[0.009834295688],"iteration":182,"passed_time":0.9237025905,"remaining_time":1.600074979},
{"learn":[0.009834285086],"iteration":183,"passed_time":0.9274937823,"remaining_time":1.592869757},
{"learn":[0.009834291713],"iteration":184,"passed_time":0.9314200515,"remaining_time":1.585931439},
{"learn":[0.009833991835],"iteration":185,"passed_time":0.9352793343,"remaining_time":1.578912425},
{"learn":[0.009833928111],"iteration":186,"passed_time":0.9397775711,"remaining_time":1.572996683},
{"learn":[0.009833928111],"iteration":187,"passed_time":0.943749767,"remaining_time":1.566223018},
{"learn":[0.009833928111],"iteration":188,"passed_time":0.9476815077,"remaining_time":1.559412428},
{"learn":[0.009833877328],"iteration":189,"passed_time":0.9519765634,"remaining_time":1.553224919},
{"learn":[0.009833550689],"iteration":190,"passed_time":0.9562241176,"remaining_time":1.546980379},
{"learn":[0.009833517172],"iteration":191,"passed_time":0.9607972197,"remaining_time":1.541278873},
{"learn":[0.009732741301],"iteration":192,"passed_time":0.9666655125,"remaining_time":1.537649287},
{"learn":[0.009732703031],"iteration":193,"passed_time":0.9708660388,"remaining_time":1.53136602},
{"learn":[0.009673638893],"iteration":194,"passed_time":0.9765541441,"remaining_time":1.527430841},
{"learn":[0.009599100481],"iteration":195,"passed_time":0.9817647558,"remaining_time":1.522737172},
{"learn":[0.009538853532],"iteration":196,"passed_time":0.9870596764,"remaining_time":1.518167929},
{"learn":[0.009483353136],"iteration":197,"passed_time":0.9923765909,"remaining_time":1.513624901},
{"learn":[0.00946552121],"iteration":198,"passed_time":0.997718448,"remaining_time":1.509111823},
{"learn":[0.009422551009],"iteration":199,"passed_time":1.003167316,"remaining_time":1.504750974},
{"learn":[0.009367668486],"iteration":200,"passed_time":1.008165666,"remaining_time":1.499709126},
{"learn":[0.009337978798],"iteration":201,"passed_time":1.013255039,"remaining_time":1.494801989},
{"learn":[0.009295185636],"iteration":202,"passed_time":1.018334244,"remaining_time":1.48987818},
{"learn":[0.009266731368],"iteration":203,"passed_time":1.023277136,"remaining_time":1.484755061},
{"learn":[0.009217921177],"iteration":204,"passed_time":1.028465967,"remaining_time":1.47998761},
{"learn":[0.009147181216],"iteration":205,"passed_time":1.033440593,"remaining_time":1.474910361},
{"learn":[0.009038814399],"iteration":206,"passed_time":1.038384002,"remaining_time":1.469789916},
{"learn":[0.008998901138],"iteration":207,"passed_time":1.0434202,"remaining_time":1.464801434},
{"learn":[0.008966349488],"iteration":208,"passed_time":1.048369348,"remaining_time":1.459691293},
{"learn":[0.008932935513],"iteration":209,"passed_time":1.05313156,"remaining_time":1.454324536},
{"learn":[0.008932908325],"iteration":210,"passed_time":1.05673168,"remaining_time":1.447371827},
{"learn":[0.008932834567],"iteration":211,"passed_time":1.06089889,"remaining_time":1.441221134},
{"learn":[0.008909022489],"iteration":212,"passed_time":1.06599788,"remaining_time":1.436344562},
{"learn":[0.008908989246],"iteration":213,"passed_time":1.069964363,"remaining_time":1.429952373},
{"learn":[0.008827163225],"iteration":214,"passed_time":1.075423833,"remaining_time":1.425561826},
{"learn":[0.008827076135],"iteration":215,"passed_time":1.079238901,"remaining_time":1.418999296},
{"learn":[0.008827035567],"iteration":216,"passed_time":1.083020622,"remaining_time":1.4124186},
{"learn":[0.00882696366],"iteration":217,"passed_time":1.086846958,"remaining_time":1.405921295},
{"learn":[0.008759852099],"iteration":218,"passed_time":1.092128166,"remaining_time":1.401315135},
{"learn":[0.008759834657],"iteration":219,"passed_time":1.095787299,"remaining_time":1.394638381},
{"learn":[0.008759809514],"iteration":220,"passed_time":1.099846944,"remaining_time":1.388494558},
{"learn":[0.008759771806],"iteration":221,"passed_time":1.103952301,"remaining_time":1.382426755},
{"learn":[0.00875972185],"iteration":222,"passed_time":1.107736292,"remaining_time":1.375977367},
{"learn":[0.008759640547],"iteration":223,"passed_time":1.111527433,"remaining_time":1.369560587},
{"learn":[0.008759610787],"iteration":224,"passed_time":1.115455533,"remaining_time":1.36333454},
{"learn":[0.008759610787],"iteration":225,"passed_time":1.119124168,"remaining_time":1.356814257},
{"learn":[0.008759610787],"iteration":226,"passed_time":1.123030566,"remaining_time":1.350605041},
{"learn":[0.008759610787],"iteration":227,"passed_time":1.126845067,"remaining_time":1.344306396},
{"learn":[0.008759610787],"iteration":228,"passed_time":1.130530314,"remaining_time":1.337876485},
{"learn":[0.008759610787],"iteration":229,"passed_time":1.134273616,"remaining_time":1.331538593},
{"learn":[0.008759610787],"iteration":230,"passed_time":1.138086994,"remaining_time":1.325304767},
{"learn":[0.008759583303],"iteration":231,"passed_time":1.141979069,"remaining_time":1.319182718},
{"learn":[0.008759579838],"iteration":232,"passed_time":1.145689022,"remaining_time":1.312871111},
{"learn":[0.008759583264],"iteration":233,"passed_time":1.149578806,"remaining_time":1.306786164},
{"learn":[0.008759501965],"iteration":234,"passed_time":1.153499764,"remaining_time":1.300755052},
{"learn":[0.008759426868],"iteration":235,"passed_time":1.157322995,"remaining_time":1.294632502},
{"learn":[0.008759372462],"iteration":236,"passed_time":1.161215915,"remaining_time":1.288606691},
{"learn":[0.008759344525],"iteration":237,"passed_time":1.165027299,"remaining_time":1.282509043},
{"learn":[0.008759300524],"iteration":238,"passed_time":1.169008174,"remaining_time":1.276615621},
{"learn":[0.008759291128],"iteration":239,"passed_time":1.172899405,"remaining_time":1.270641022},
{"learn":[0.008759266372],"iteration":240,"passed_time":1.176694376,"remaining_time":1.264580263},
{"learn":[0.008759217708],"iteration":241,"passed_time":1.180557136,"remaining_time":1.2586105},
{"learn":[0.008759129694],"iteration":242,"passed_time":1.184977601,"remaining_time":1.253247916},
{"learn":[0.008759065247],"iteration":243,"passed_time":1.189313726,"remaining_time":1.247804565},
{"learn":[0.008759017289],"iteration":244,"passed_time":1.193376555,"remaining_time":1.242085803},
{"learn":[0.008758984934],"iteration":245,"passed_time":1.19740825,"remaining_time":1.236348356},
{"learn":[0.008758984934],"iteration":246,"passed_time":1.201257275,"remaining_time":1.230437614},
{"learn":[0.008749546234],"iteration":247,"passed_time":1.206236053,"remaining_time":1.225691473},
{"learn":[0.008749527436],"iteration":248,"passed_time":1.209927482,"remaining_time":1.219645775},
{"learn":[0.008749499355],"iteration":249,"passed_time":1.213839575,"remaining_time":1.213839575},
{"learn":[0.008749463754],"iteration":250,"passed_time":1.217688731,"remaining_time":1.207986032},
{"learn":[0.008749463754],"iteration":251,"passed_time":1.221496234,"remaining_time":1.202107405},
{"learn":[0.008749463754],"iteration":252,"passed_time":1.225237226,"remaining_time":1.196180217},
{"learn":[0.008749463754],"iteration":253,"passed_time":1.229223324,"remaining_time":1.190507629},
{"learn":[0.008734971573],"iteration":254,"passed_time":1.234460367,"remaining_time":1.186050157},
{"learn":[0.008654743786],"iteration":255,"passed_time":1.239418118,"remaining_time":1.181320394},
{"learn":[0.008633436543],"iteration":256,"passed_time":1.244472997,"remaining_time":1.176680694},
{"learn":[0.008558496196],"iteration":257,"passed_time":1.249664558,"remaining_time":1.172165981},
{"learn":[0.00855851874],"iteration":258,"passed_time":1.253675794,"remaining_time":1.166547746},
{"learn":[0.008558456845],"iteration":259,"passed_time":1.257635655,"remaining_time":1.16089445},
{"learn":[0.008558431709],"iteration":260,"passed_time":1.261676034,"remaining_time":1.155327863},
{"learn":[0.008558382232],"iteration":261,"passed_time":1.265439967,"remaining_time":1.149521802},
{"learn":[0.008558319914],"iteration":262,"passed_time":1.269337439,"remaining_time":1.143851608},
{"learn":[0.008558277235],"iteration":263,"passed_time":1.273176128,"remaining_time":1.138142296},
{"learn":[0.00855823969],"iteration":264,"passed_time":1.277100762,"remaining_time":1.132523318},
{"learn":[0.008558213341],"iteration":265,"passed_time":1.281044015,"remaining_time":1.126933457},
{"learn":[0.008558190239],"iteration":266,"passed_time":1.284791674,"remaining_time":1.121185244},
{"learn":[0.00855815414],"iteration":267,"passed_time":1.288594414,"remaining_time":1.115499642},
{"learn":[0.008558176477],"iteration":268,"passed_time":1.292550528,"remaining_time":1.109959747},
{"learn":[0.008558176477],"iteration":269,"passed_time":1.296368719,"remaining_time":1.104314094},
{"learn":[0.008558176477],"iteration":270,"passed_time":1.300067804,"remaining_time":1.098581281},
{"learn":[0.008558176477],"iteration":271,"passed_time":1.303806058,"remaining_time":1.092896254},
{"learn":[0.008558176477],"iteration":272,"passed_time":1.307516387,"remaining_time":1.087202271},
{"learn":[0.008558087917],"iteration":273,"passed_time":1.311308147,"remaining_time":1.081589932},
{"learn":[0.008558076155],"iteration":274,"passed_time":1.315186085,"remaining_time":1.076061342},
{"learn":[0.008558076155],"iteration":275,"passed_time":1.31878499,"remaining_time":1.070318252},
{"learn":[0.008558076155],"iteration":276,"passed_time":1.322601397,"remaining_time":1.064765745},
{"learn":[0.008538609823],"iteration":277,"passed_time":1.327573619,"remaining_time":1.060148717},
{"learn":[0.008470723564],"iteration":278,"passed_time":1.332873024,"remaining_time":1.05578831},
{"learn":[0.008432841077],"iteration":279,"passed_time":1.337716893,"remaining_time":1.051063273},
{"learn":[0.008391153191],"iteration":280,"passed_time":1.34280496,"remaining_time":1.046527709},
{"learn":[0.008370093511],"iteration":281,"passed_time":1.347717978,"remaining_time":1.041852905},
{"learn":[0.008357613903],"iteration":282,"passed_time":1.35286117,"remaining_time":1.037352911},
{"learn":[0.008300754066],"iteration":283,"passed_time":1.357876805,"remaining_time":1.032751373},
{"learn":[0.00828109735],"iteration":284,"passed_time":1.362848457,"remaining_time":1.028113748},
{"learn":[0.008281084339],"iteration":285,"passed_time":1.366464001,"remaining_time":1.022459078},
{"learn":[0.008281044182],"iteration":286,"passed_time":1.370427375,"remaining_time":1.017076763},
{"learn":[0.00828100092],"iteration":287,"passed_time":1.374268367,"remaining_time":1.011614215},
{"learn":[0.008280975015],"iteration":288,"passed_time":1.378154218,"remaining_time":1.00619564},
{"learn":[0.008268096698],"iteration":289,"passed_time":1.383052648,"remaining_time":1.001520883},
{"learn":[0.008218889358],"iteration":290,"passed_time":1.387998739,"remaining_time":0.9968788193},
{"learn":[0.00816416393],"iteration":291,"passed_time":1.392990093,"remaining_time":0.9922669154},
{"learn":[0.008065776766],"iteration":292,"passed_time":1.398048915,"remaining_time":0.9877000868},
{"learn":[0.008024340791],"iteration":293,"passed_time":1.403123503,"remaining_time":0.9831409577},
{"learn":[0.008002073503],"iteration":294,"passed_time":1.407887089,"remaining_time":0.9783622141},
{"learn":[0.007960406186],"iteration":295,"passed_time":1.412849071,"remaining_time":0.9737203056},
{"learn":[0.007905067011],"iteration":296,"passed_time":1.418015246,"remaining_time":0.9692158082},
{"learn":[0.007825215783],"iteration":297,"passed_time":1.423428842,"remaining_time":0.9648745841},
{"learn":[0.007791771919],"iteration":298,"passed_time":1.428552173,"remaining_time":0.9603310593},
{"learn":[0.007738463392],"iteration":299,"passed_time":1.433951763,"remaining_time":0.9559678419},
{"learn":[0.007738276038],"iteration":300,"passed_time":1.437741669,"remaining_time":0.9505335289},
{"learn":[0.007738094729],"iteration":301,"passed_time":1.441585713,"remaining_time":0.9451456001},
{"learn":[0.00773813205],"iteration":302,"passed_time":1.44539464,"remaining_time":0.9397450301},
{"learn":[0.007738133084],"iteration":303,"passed_time":1.449161145,"remaining_time":0.9343275801},
{"learn":[0.007738074225],"iteration":304,"passed_time":1.452954993,"remaining_time":0.9289384383},
{"learn":[0.007702420618],"iteration":305,"passed_time":1.458001884,"remaining_time":0.9243541356},
{"learn":[0.007658912604],"iteration":306,"passed_time":1.462912513,"remaining_time":0.9196811565},
{"learn":[0.007634012057],"iteration":307,"passed_time":1.467873131,"remaining_time":0.9150377957},
{"learn":[0.007618639955],"iteration":308,"passed_time":1.472821211,"remaining_time":0.910384632},
{"learn":[0.007603858598],"iteration":309,"passed_time":1.477705761,"remaining_time":0.9056906278},
{"learn":[0.007603847537],"iteration":310,"passed_time":1.481533099,"remaining_time":0.9003529122},
{"learn":[0.007603840245],"iteration":311,"passed_time":1.485236006,"remaining_time":0.8949499012},
{"learn":[0.007603825233],"iteration":312,"passed_time":1.488879119,"remaining_time":0.8895220297},
{"learn":[0.007603792141],"iteration":313,"passed_time":1.492621935,"remaining_time":0.8841645855},
{"learn":[0.007603820414],"iteration":314,"passed_time":1.496516272,"remaining_time":0.8789063822},
{"learn":[0.007603706206],"iteration":315,"passed_time":1.500438863,"remaining_time":0.8736732619},
{"learn":[0.007603732306],"iteration":316,"passed_time":1.504357358,"remaining_time":0.8684460456},
{"learn":[0.007603708006],"iteration":317,"passed_time":1.508474406,"remaining_time":0.863340698},
{"learn":[0.007603676842],"iteration":318,"passed_time":1.512313888,"remaining_time":0.8580840554},
{"learn":[0.00760364429],"iteration":319,"passed_time":1.516156892,"remaining_time":0.8528382515},
{"learn":[0.007603562274],"iteration":320,"passed_time":1.520277419,"remaining_time":0.8477559442},
{"learn":[0.007603544507],"iteration":321,"passed_time":1.524731609,"remaining_time":0.842864057},
{"learn":[0.00760351997],"iteration":322,"passed_time":1.528460973,"remaining_time":0.8375776847},
{"learn":[0.007603491252],"iteration":323,"passed_time":1.532238681,"remaining_time":0.832327185},
{"learn":[0.007603491252],"iteration":324,"passed_time":1.535904184,"remaining_time":0.8270253297},
{"learn":[0.007603446393],"iteration":325,"passed_time":1.539731828,"remaining_time":0.8218200552},
{"learn":[0.007603312116],"iteration":326,"passed_time":1.54351337,"remaining_time":0.8165988165},
{"learn":[0.007603295568],"iteration":327,"passed_time":1.547407381,"remaining_time":0.8114453339},
{"learn":[0.007603274257],"iteration":328,"passed_time":1.551270422,"remaining_time":0.8062834107},
{"learn":[0.007603248461],"iteration":329,"passed_time":1.555406839,"remaining_time":0.8012701896},
{"learn":[0.007603216897],"iteration":330,"passed_time":1.559300527,"remaining_time":0.7961383354},
{"learn":[0.007603201496],"iteration":331,"passed_time":1.563103655,"remaining_time":0.7909681148},
{"learn":[0.007603201496],"iteration":332,"passed_time":1.566697808,"remaining_time":0.7857013033},
{"learn":[0.007603241161],"iteration":333,"passed_time":1.57051959,"remaining_time":0.7805576405},
{"learn":[0.007603194852],"iteration":334,"passed_time":1.574316382,"remaining_time":0.7754095612},
{"learn":[0.00760320359],"iteration":335,"passed_time":1.578757155,"remaining_time":0.7705838493},
{"learn":[0.00760316538],"iteration":336,"passed_time":1.582706392,"remaining_time":0.7655226763},
{"learn":[0.007603099908],"iteration":337,"passed_time":1.586665002,"remaining_time":0.7604725749},
{"learn":[0.007603076291],"iteration":338,"passed_time":1.590558654,"remaining_time":0.755398063},
{"learn":[0.007603051483],"iteration":339,"passed_time":1.59440948,"remaining_time":0.7503103437},
{"learn":[0.007557533946],"iteration":340,"passed_time":1.599574343,"remaining_time":0.7458425823},
{"learn":[0.00754060839],"iteration":341,"passed_time":1.604606201,"remaining_time":0.7413092977},
{"learn":[0.007540611928],"iteration":342,"passed_time":1.608420392,"remaining_time":0.7362157477},
{"learn":[0.007509891372],"iteration":343,"passed_time":1.613539806,"remaining_time":0.7317215399},
{"learn":[0.007451964637],"iteration":344,"passed_time":1.618699051,"remaining_time":0.7272416025},
{"learn":[0.007379292855],"iteration":345,"passed_time":1.623668753,"remaining_time":0.7226733756},
{"learn":[0.007337210662],"iteration":346,"passed_time":1.628629048,"remaining_time":0.7180986868},
{"learn":[0.007337148416],"iteration":347,"passed_time":1.632672007,"remaining_time":0.7131211067},
{"learn":[0.007337127587],"iteration":348,"passed_time":1.636660285,"remaining_time":0.7081252235},
{"learn":[0.007337104669],"iteration":349,"passed_time":1.640674545,"remaining_time":0.7031462338},
{"learn":[0.007298523508],"iteration":350,"passed_time":1.645766181,"remaining_time":0.6986300882},
{"learn":[0.007298498206],"iteration":351,"passed_time":1.650175392,"remaining_time":0.6938237445},
{"learn":[0.007276137397],"iteration":352,"passed_time":1.656647942,"remaining_time":0.6898788881},
{"learn":[0.007243232928],"iteration":353,"passed_time":1.662033347,"remaining_time":0.6854713805},
{"learn":[0.007243214143],"iteration":354,"passed_time":1.666381187,"remaining_time":0.6806345695},
{"learn":[0.007243200496],"iteration":355,"passed_time":1.670534231,"remaining_time":0.6757217114},
{"learn":[0.007185052486],"iteration":356,"passed_time":1.676413952,"remaining_time":0.6715047482},
{"learn":[0.00715490394],"iteration":357,"passed_time":1.681628403,"remaining_time":0.6670146179},
{"learn":[0.007154916308],"iteration":358,"passed_time":1.686077362,"remaining_time":0.6622197994},
{"learn":[0.007154910928],"iteration":359,"passed_time":1.689938021,"remaining_time":0.6571981193},
{"learn":[0.00715488105],"iteration":360,"passed_time":1.69411526,"remaining_time":0.6523047675},
{"learn":[0.00715488105],"iteration":361,"passed_time":1.698285866,"remaining_time":0.6474128441},
{"learn":[0.00715488105],"iteration":362,"passed_time":1.702987511,"remaining_time":0.6427253142},
{"learn":[0.007154884049],"iteration":363,"passed_time":1.708566023,"remaining_time":0.6383653273},
{"learn":[0.007154858998],"iteration":364,"passed_time":1.714023867,"remaining_time":0.6339540329},
{"learn":[0.00715487084],"iteration":365,"passed_time":1.718772669,"remaining_time":0.6292774254},
{"learn":[0.00715483805],"iteration":366,"passed_time":1.724171224,"remaining_time":0.624835893},
{"learn":[0.007154825912],"iteration":367,"passed_time":1.730173992,"remaining_time":0.6206058883},
{"learn":[0.007154795467],"iteration":368,"passed_time":1.736060518,"remaining_time":0.6163250079},
{"learn":[0.007154795467],"iteration":369,"passed_time":1.740465239,"remaining_time":0.6115148138},
{"learn":[0.007123613969],"iteration":370,"passed_time":1.745753242,"remaining_time":0.6070139306},
{"learn":[0.007089543494],"iteration":371,"passed_time":1.751165372,"remaining_time":0.6025515258},
{"learn":[0.007077694831],"iteration":372,"passed_time":1.756095842,"remaining_time":0.5979200319},
{"learn":[0.007077687191],"iteration":373,"passed_time":1.759817102,"remaining_time":0.5928795584},
{"learn":[0.007077652486],"iteration":374,"passed_time":1.763809533,"remaining_time":0.587936511},
{"learn":[0.007077635235],"iteration":375,"passed_time":1.767723483,"remaining_time":0.5829726379},
{"learn":[0.00707758455],"iteration":376,"passed_time":1.771918039,"remaining_time":0.5781058853},
{"learn":[0.007077543083],"iteration":377,"passed_time":1.77590313,"remaining_time":0.5731750844},
{"learn":[0.007077560592],"iteration":378,"passed_time":1.779796617,"remaining_time":0.568220028},
{"learn":[0.007077516906],"iteration":379,"passed_time":1.78374366,"remaining_time":0.5632874717},
{"learn":[0.007077458819],"iteration":380,"passed_time":1.78773621,"remaining_time":0.5583743018},
{"learn":[0.007077458819],"iteration":381,"passed_time":1.791471795,"remaining_time":0.5533865753},
{"learn":[0.007077431045],"iteration":382,"passed_time":1.795333536,"remaining_time":0.5484439261},
{"learn":[0.007077431045],"iteration":383,"passed_time":1.799027321,"remaining_time":0.5434561698},
{"learn":[0.007077359196],"iteration":384,"passed_time":1.803047322,"remaining_time":0.5385725768},
{"learn":[0.007077364051],"iteration":385,"passed_time":1.806886541,"remaining_time":0.5336400665},
{"learn":[0.007077364472],"iteration":386,"passed_time":1.810622376,"remaining_time":0.5286830195},
{"learn":[0.007077347182],"iteration":387,"passed_time":1.814404985,"remaining_time":0.523745769},
{"learn":[0.0070773077],"iteration":388,"passed_time":1.818577942,"remaining_time":0.5189258395},
{"learn":[0.007077293142],"iteration":389,"passed_time":1.822454148,"remaining_time":0.5140255288},
{"learn":[0.007077300806],"iteration":390,"passed_time":1.826476345,"remaining_time":0.5091711551},
{"learn":[0.007077297718],"iteration":391,"passed_time":1.83034176,"remaining_time":0.5042778319},
{"learn":[0.007077283392],"iteration":392,"passed_time":1.834618677,"remaining_time":0.4995017773},
{"learn":[0.007077255144],"iteration":393,"passed_time":1.838364194,"remaining_time":0.4945852908},
{"learn":[0.007077217851],"iteration":394,"passed_time":1.842094257,"remaining_time":0.4896706252},
{"learn":[0.007077250212],"iteration":395,"passed_time":1.845957707,"remaining_time":0.4847969735},
{"learn":[0.007077156914],"iteration":396,"passed_time":1.84992188,"remaining_time":0.4799545431},
{"learn":[0.007077110953],"iteration":397,"passed_time":1.853746076,"remaining_time":0.4750806526},
{"learn":[0.007077123039],"iteration":398,"passed_time":1.857541208,"remaining_time":0.4702046668},
{"learn":[0.007077104927],"iteration":399,"passed_time":1.861289657,"remaining_time":0.4653224143},
{"learn":[0.007077082863],"iteration":400,"passed_time":1.865208268,"remaining_time":0.4604878269},
{"learn":[0.007077031169],"iteration":401,"passed_time":1.868973306,"remaining_time":0.4556203582},
{"learn":[0.007077023626],"iteration":402,"passed_time":1.872857123,"remaining_time":0.4507869502},
{"learn":[0.007076997092],"iteration":403,"passed_time":1.876675645,"remaining_time":0.4459427275},
{"learn":[0.007077019467],"iteration":404,"passed_time":1.880540127,"remaining_time":0.4411143509},
{"learn":[0.007077017472],"iteration":405,"passed_time":1.884277987,"remaining_time":0.4362614058},
{"learn":[0.007077006691],"iteration":406,"passed_time":1.888169618,"remaining_time":0.4314490774},
{"learn":[0.00707697202],"iteration":407,"passed_time":1.891801721,"remaining_time":0.4265827409},
{"learn":[0.007076956256],"iteration":408,"passed_time":1.895866971,"remaining_time":0.4218188126},
{"learn":[0.007076955942],"iteration":409,"passed_time":1.899822256,"remaining_time":0.4170341537},
{"learn":[0.00707687084],"iteration":410,"passed_time":1.903651844,"remaining_time":0.4122263118},
{"learn":[0.007076869081],"iteration":411,"passed_time":1.907461607,"remaining_time":0.4074189839},
{"learn":[0.007076866351],"iteration":412,"passed_time":1.911276173,"remaining_time":0.4026174989},
{"learn":[0.007076852052],"iteration":413,"passed_time":1.915089969,"remaining_time":0.3978206215},
{"learn":[0.00707682405],"iteration":414,"passed_time":1.918881268,"remaining_time":0.3930238741},
{"learn":[0.007076864216],"iteration":415,"passed_time":1.922694176,"remaining_time":0.388236324},
{"learn":[0.007076801614],"iteration":416,"passed_time":1.926905072,"remaining_time":0.3835326642},
{"learn":[0.007076761869],"iteration":417,"passed_time":1.930889594,"remaining_time":0.3787869538},
{"learn":[0.007076782063],"iteration":418,"passed_time":1.934756478,"remaining_time":0.3740221354},
{"learn":[0.007076730309],"iteration":419,"passed_time":1.938868787,"remaining_time":0.3693083404},
{"learn":[0.007076687979],"iteration":420,"passed_time":1.943232033,"remaining_time":0.3646444907},
{"learn":[0.007076684986],"iteration":421,"passed_time":1.947542428,"remaining_time":0.3599722972},
{"learn":[0.007076623863],"iteration":422,"passed_time":1.951826141,"remaining_time":0.3552969572},
{"learn":[0.007076614329],"iteration":423,"passed_time":1.956199864,"remaining_time":0.3506395982},
{"learn":[0.007076595563],"iteration":424,"passed_time":1.960149638,"remaining_time":0.3459087596},
{"learn":[0.007076528107],"iteration":425,"passed_time":1.964161348,"remaining_time":0.3411923469},
{"learn":[0.007076528107],"iteration":426,"passed_time":1.968245486,"remaining_time":0.336491617},
{"learn":[0.007076486988],"iteration":427,"passed_time":1.972281764,"remaining_time":0.3317857173},
{"learn":[0.007076486988],"iteration":428,"passed_time":1.976225284,"remaining_time":0.3270675879},
{"learn":[0.007076464972],"iteration":429,"passed_time":1.980212396,"remaining_time":0.3223601574},
{"learn":[0.007076250455],"iteration":430,"passed_time":1.984229903,"remaining_time":0.3176609358},
{"learn":[0.007076179572],"iteration":431,"passed_time":1.988311741,"remaining_time":0.3129749963},
{"learn":[0.007076176466],"iteration":432,"passed_time":1.992178814,"remaining_time":0.3082586156},
{"learn":[0.007076145624],"iteration":433,"passed_time":1.996369015,"remaining_time":0.303595288},
{"learn":[0.007076192842],"iteration":434,"passed_time":2.00046926,"remaining_time":0.298920694},
{"learn":[0.007076113372],"iteration":435,"passed_time":2.004384097,"remaining_time":0.2942215188},
{"learn":[0.007076102066],"iteration":436,"passed_time":2.008276813,"remaining_time":0.2895227442},
{"learn":[0.007076106885],"iteration":437,"passed_time":2.012033586,"remaining_time":0.2848084071},
{"learn":[0.007076102232],"iteration":438,"passed_time":2.016015403,"remaining_time":0.2801297029},
{"learn":[0.00707608793],"iteration":439,"passed_time":2.020164621,"remaining_time":0.2754769937},
{"learn":[0.007076060692],"iteration":440,"passed_time":2.024321381,"remaining_time":0.2708275771},
{"learn":[0.007075965467],"iteration":441,"passed_time":2.028211833,"remaining_time":0.2661454441},
{"learn":[0.007061602268],"iteration":442,"passed_time":2.033410524,"remaining_time":0.2616352141},
{"learn":[0.007061571801],"iteration":443,"passed_time":2.037225781,"remaining_time":0.2569473958},
{"learn":[0.007061522741],"iteration":444,"passed_time":2.041338651,"remaining_time":0.2523002827},
{"learn":[0.007061543938],"iteration":445,"passed_time":2.045463259,"remaining_time":0.2476569865},
{"learn":[0.007061515044],"iteration":446,"passed_time":2.049697199,"remaining_time":0.2430289744},
{"learn":[0.007061536789],"iteration":447,"passed_time":2.053891603,"remaining_time":0.2383981325},
{"learn":[0.007061468202],"iteration":448,"passed_time":2.05846499,"remaining_time":0.2338122817},
{"learn":[0.007061470782],"iteration":449,"passed_time":2.063063203,"remaining_time":0.2292292448},
{"learn":[0.007061420567],"iteration":450,"passed_time":2.067633469,"remaining_time":0.2246431041},
{"learn":[0.007061396181],"iteration":451,"passed_time":2.072545945,"remaining_time":0.2200933747},
{"learn":[0.007061395645],"iteration":452,"passed_time":2.077076925,"remaining_time":0.2155024625},
{"learn":[0.00706140744],"iteration":453,"passed_time":2.081568628,"remaining_time":0.2109078346},
{"learn":[0.007061396232],"iteration":454,"passed_time":2.086256123,"remaining_time":0.2063330232},
{"learn":[0.007061359084],"iteration":455,"passed_time":2.091110357,"remaining_time":0.2017738064},
{"learn":[0.00706130446],"iteration":456,"passed_time":2.095485915,"remaining_time":0.1971682589},
{"learn":[0.007061262858],"iteration":457,"passed_time":2.099955099,"remaining_time":0.1925723016},
{"learn":[0.007061247994],"iteration":458,"passed_time":2.104383343,"remaining_time":0.1879732398},
{"learn":[0.007061261462],"iteration":459,"passed_time":2.108449048,"remaining_time":0.1833433955},
{"learn":[0.007061214177],"iteration":460,"passed_time":2.113075407,"remaining_time":0.1787634293},
{"learn":[0.007061200828],"iteration":461,"passed_time":2.117391249,"remaining_time":0.1741577218},
{"learn":[0.007061180029],"iteration":462,"passed_time":2.121862321,"remaining_time":0.1695656715},
{"learn":[0.007061191985],"iteration":463,"passed_time":2.126275679,"remaining_time":0.1649696648},
{"learn":[0.007061191985],"iteration":464,"passed_time":2.130626028,"remaining_time":0.1603697011},
{"learn":[0.007061178097],"iteration":465,"passed_time":2.135050119,"remaining_time":0.1557761889},
{"learn":[0.007061136444],"iteration":466,"passed_time":2.139214795,"remaining_time":0.1511650712},
{"learn":[0.007061098363],"iteration":467,"passed_time":2.144123107,"remaining_time":0.1466067082},
{"learn":[0.00706109978],"iteration":468,"passed_time":2.148301992,"remaining_time":0.1419986391},
{"learn":[0.00706109978],"iteration":469,"passed_time":2.152709601,"remaining_time":0.1374069958},
{"learn":[0.00706109978],"iteration":470,"passed_time":2.156866228,"remaining_time":0.1328006807},
{"learn":[0.007061066298],"iteration":471,"passed_time":2.161425499,"remaining_time":0.1282201567},
{"learn":[0.007061006646],"iteration":472,"passed_time":2.166047193,"remaining_time":0.1236432858},
{"learn":[0.007061000975],"iteration":473,"passed_time":2.170341067,"remaining_time":0.1190482442},
{"learn":[0.007060868442],"iteration":474,"passed_time":2.174658869,"remaining_time":0.11445573},
{"learn":[0.007060877034],"iteration":475,"passed_time":2.179090492,"remaining_time":0.1098701088},
{"learn":[0.007060860355],"iteration":476,"passed_time":2.183497307,"remaining_time":0.1052839373},
{"learn":[0.007060840198],"iteration":477,"passed_time":2.188248524,"remaining_time":0.1007143672},
{"learn":[0.007060823027],"iteration":478,"passed_time":2.192665482,"remaining_time":0.09612938437},
{"learn":[0.007041963525],"iteration":479,"passed_time":2.198541807,"remaining_time":0.09160590864},
{"learn":[0.007015213054],"iteration":480,"passed_time":2.204556744,"remaining_time":0.08708228304},
{"learn":[0.007015213054],"iteration":481,"passed_time":2.20875219,"remaining_time":0.08248452161},
{"learn":[0.007015187686],"iteration":482,"passed_time":2.213168422,"remaining_time":0.07789619705},
{"learn":[0.007001717983],"iteration":483,"passed_time":2.218922119,"remaining_time":0.07335279731},
{"learn":[0.007001660855],"iteration":484,"passed_time":2.223074975,"remaining_time":0.06875489613},
{"learn":[0.007001711083],"iteration":485,"passed_time":2.227042037,"remaining_time":0.06415347431},
{"learn":[0.007001638924],"iteration":486,"passed_time":2.231391327,"remaining_time":0.05956486089},
{"learn":[0.007001675482],"iteration":487,"passed_time":2.235607381,"remaining_time":0.05497395199},
{"learn":[0.007001654499],"iteration":488,"passed_time":2.240265521,"remaining_time":0.05039452092},
{"learn":[0.00700160628],"iteration":489,"passed_time":2.244115474,"remaining_time":0.04579827497},
{"learn":[0.007001615812],"iteration":490,"passed_time":2.248433596,"remaining_time":0.04121365043},
{"learn":[0.007001609915],"iteration":491,"passed_time":2.252823003,"remaining_time":0.03663126833},
{"learn":[0.007001612374],"iteration":492,"passed_time":2.257456109,"remaining_time":0.03205312934},
{"learn":[0.007001571616],"iteration":493,"passed_time":2.262227687,"remaining_time":0.02747644964},
{"learn":[0.007001575716],"iteration":494,"passed_time":2.266767083,"remaining_time":0.0228966372},
{"learn":[0.00700154972],"iteration":495,"passed_time":2.271204927,"remaining_time":0.01831616877},
{"learn":[0.007001531132],"iteration":496,"passed_time":2.275688087,"remaining_time":0.01373654781},
{"learn":[0.007001531132],"iteration":497,"passed_time":2.28017113,"remaining_time":0.009157313776},
{"learn":[0.007001531132],"iteration":498,"passed_time":2.284528308,"remaining_time":0.004578213042},
{"learn":[0.007001531132],"iteration":499,"passed_time":2.289046294,"remaining_time":0}
]}